,celltype,Moran's I,P-value,num_cell,month,sample,structure
0,InN,0.1210320112283481,8.814149498005878e-41,5599,2M,HZ2M01,BF
1,ExN,0.1107412669000569,5.326404475189362e-09,2384,2M,HZ2M01,BF
2,Olig,0.1070486816600495,2.993061740655584e-06,2004,2M,HZ2M01,BF
3,Astro,0.0780893718037882,0.0028052858798578,1306,2M,HZ2M01,BF
4,Peri,0.0676766213727147,0.0235113548904493,1445,2M,HZ2M01,BF
5,Astro,0.3105506190182088,4.2722613986633416e-21,693,2M,HZ2M01,PFC
6,ExN,0.3080161404242577,0.0,8819,2M,HZ2M01,PFC
7,Micro,0.2843293474784241,0.0032944139191447,191,2M,HZ2M01,PFC
8,Olig,0.247076915780469,2.3210182529544748e-11,533,2M,HZ2M01,PFC
9,Peri,0.2368098804909657,0.0210845186402225,149,2M,HZ2M01,PFC
10,InN,0.216136578331072,8.1390294283656e-10,1128,2M,HZ2M01,PFC
11,SMC,0.3820648423907635,0.0193690625674343,111,2M,HZ2M01,STR
12,InN,0.2703496739306674,3.51516080420289e-89,3515,2M,HZ2M01,STR
13,Astro,0.2599849811067102,1.496435747403296e-49,2839,2M,HZ2M01,STR
14,ExN,0.2167710890351558,2.0471079867825894e-42,4463,2M,HZ2M01,STR
15,Peri,0.1679840925445914,5.302759693094818e-06,1405,2M,HZ2M01,STR
16,Micro,0.1520438210388416,0.0001460199873339,796,2M,HZ2M01,STR
17,MSN,0.1376685768754377,2.311989176691551e-74,9411,2M,HZ2M01,STR
18,Endo,0.1187503964794065,0.0002515390985166,1823,2M,HZ2M01,STR
19,Olig,0.1070513287299464,2.0309441737633175e-20,6142,2M,HZ2M01,STR
20,Endo,0.5457829463531445,0.0001662963096732,261,2M,HZ2M02,BF
21,OPC,0.5166091689325985,3.82570506736e-09,520,2M,HZ2M02,BF
22,ExN,0.5125724150176779,4.079848830581848e-38,976,2M,HZ2M02,BF
23,InN,0.4769108734597372,0.0,4726,2M,HZ2M02,BF
24,Peri,0.4266670525274165,2.9110831619877743e-97,2636,2M,HZ2M02,BF
25,Astro,0.3742944723204301,3.280835782868768e-52,1628,2M,HZ2M02,BF
26,Olig,0.3140994735094192,9.17543222974938e-66,3192,2M,HZ2M02,BF
27,Micro,0.2704893644058704,0.0108902446997275,186,2M,HZ2M02,BF
28,OPC,1.8691109243689248,0.0046866696327681,22,2M,HZ2M02,ECT
29,InN,0.1900335395306391,0.0041601291317263,351,2M,HZ2M02,ECT
30,Astro,0.1196716778686893,0.0427494361602867,291,2M,HZ2M02,ECT
31,ExN,0.1130132810848506,7.940674025352303e-11,1493,2M,HZ2M02,ECT
32,ExN,0.0690304516395435,1.186869464972307e-25,9482,2M,HZ2M02,HPF
33,Astro,0.0544943376850518,0.0218025138086054,1700,2M,HZ2M02,HPF
34,Astro,0.2233379397756548,4.022783486090432e-09,646,2M,HZ2M02,RS
35,ExN,0.1805252668507874,1.3936503991559864e-45,3447,2M,HZ2M02,RS
36,InN,0.1090431281705681,3.941977601598749e-06,1537,2M,HZ2M02,RS
37,OPC,0.3295756265871065,0.0003001445668443,517,2M,HZ2M02,TH
38,InN,0.2846247241133841,6.5999270058656615e-106,4161,2M,HZ2M02,TH
39,Peri,0.274830613008533,8.498285665967152e-26,2106,2M,HZ2M02,TH
40,Endo,0.2333400719218192,0.0011964030437378,643,2M,HZ2M02,TH
41,ExN,0.1945202280075359,1.0966210212863795e-140,9891,2M,HZ2M02,TH
42,Astro,0.1411084447865161,3.9969228534981624e-13,2451,2M,HZ2M02,TH
43,Olig,0.1044699261022612,3.6739038142339815e-15,4672,2M,HZ2M02,TH
44,ExN,0.186863537436334,2.3949490421316002e-17,2188,2M,HZ2M03,BF
45,InN,0.1211867134439646,6.167729376920866e-20,3829,2M,HZ2M03,BF
46,Peri,0.1106058051734192,0.000340150128227,1645,2M,HZ2M03,BF
47,Olig,0.1005597530460989,3.148328272097469e-05,2141,2M,HZ2M03,BF
48,Peri,0.3649039284337909,0.0065100578950977,108,2M,HZ2M03,PFC
49,ExN,0.1730875238173529,7.606496715705735e-134,6610,2M,HZ2M03,PFC
50,Olig,0.1420513265111368,0.0001965094371639,444,2M,HZ2M03,PFC
51,Astro,0.1147941714919355,0.0004614622681011,629,2M,HZ2M03,PFC
52,InN,0.0774197276940665,0.0189438293155444,1032,2M,HZ2M03,PFC
53,Peri,0.1896281404682276,3.543144685522908e-07,1168,2M,HZ2M03,STR
54,InN,0.1791370751666448,3.3867196722447094e-42,3563,2M,HZ2M03,STR
55,Astro,0.1000206302445812,4.480535214848598e-08,2317,2M,HZ2M03,STR
56,Micro,0.0810170855419928,0.0466785921148242,607,2M,HZ2M03,STR
57,ExN,0.0803225208468904,6.87588388719171e-10,4995,2M,HZ2M03,STR
58,Olig,0.0689225211241123,9.256202376737151e-11,5812,2M,HZ2M03,STR
59,MSN,0.0511575099559018,1.2179936122568669e-11,8449,2M,HZ2M03,STR
60,SMC,0.8471594271574604,0.0017684796528202,58,2M,HZ2M04,BF
61,ExN,0.3195115685794537,5.169125238132427e-10,722,2M,HZ2M04,BF
62,Astro,0.2887900251002565,4.420152577567554e-32,1589,2M,HZ2M04,BF
63,Endo,0.2842797031301549,0.0036400362147601,459,2M,HZ2M04,BF
64,Micro,0.2528083779705692,0.0020710626923267,237,2M,HZ2M04,BF
65,InN,0.2507550203615241,1.379452976239145e-110,4878,2M,HZ2M04,BF
66,Peri,0.2343330924103477,2.058676899878576e-21,2030,2M,HZ2M04,BF
67,Olig,0.1112433984913794,1.0708279410063107e-09,2926,2M,HZ2M04,BF
68,ExN,0.0847054102022464,2.1328470944338115e-10,1767,2M,HZ2M04,ECT
69,Olig,0.2492459142453513,8.371158249391409e-08,884,2M,HZ2M04,HPF
70,InN,0.1943177736870827,7.459844634122957e-05,680,2M,HZ2M04,HPF
71,Peri,0.1831493877119268,3.019819961791942e-05,723,2M,HZ2M04,HPF
72,Endo,0.1321968960100436,0.0041484287800889,741,2M,HZ2M04,HPF
73,ExN,0.0997040609907351,1.982258806541749e-41,7711,2M,HZ2M04,HPF
74,Astro,0.0567689695544178,0.0003998144388228,3000,2M,HZ2M04,HPF
75,Olig,0.3583952054496022,1.0167456094622784e-08,386,2M,HZ2M04,RS
76,ExN,0.2502736096230435,8.767399414720614e-100,3628,2M,HZ2M04,RS
77,Astro,0.2135728248156548,3.267667563945747e-09,761,2M,HZ2M04,RS
78,Micro,0.2111331179002096,0.0109748158969659,194,2M,HZ2M04,RS
79,InN,0.186909517725663,4.904847912064176e-16,1558,2M,HZ2M04,RS
80,Peri,0.1845848356973542,1.5244839495629863e-09,1498,2M,HZ2M04,TH
81,ExN,0.1634529595705195,6.894847751338348e-128,10264,2M,HZ2M04,TH
82,Endo,0.162886978022185,0.0004513802002564,988,2M,HZ2M04,TH
83,Olig,0.1584858254112983,5.298385872177141e-31,4263,2M,HZ2M04,TH
84,Astro,0.148883837060417,5.6490745275948745e-11,1755,2M,HZ2M04,TH
85,InN,0.0954333021340415,5.68563680173519e-07,2128,2M,HZ2M04,TH
86,Olig,0.0651404613727861,0.044518693453959,1685,2M,HZ2M05,BF
87,InN,0.0354847776391906,0.0312531271191702,3346,2M,HZ2M05,BF
88,Olig,0.1275615839393943,0.0078186923449423,549,2M,HZ2M05,PFC
89,ExN,0.0348141930507116,1.071280228442231e-05,8004,2M,HZ2M05,PFC
90,InN,0.1780380312555733,2.2521637455274702e-23,3084,2M,HZ2M05,STR
91,Peri,0.1681993630276511,1.3698970126905478e-06,1639,2M,HZ2M05,STR
92,Astro,0.1249059999695356,1.4242366148892959e-11,2736,2M,HZ2M05,STR
93,Olig,0.0986962474118437,1.6770818810824938e-17,6816,2M,HZ2M05,STR
94,ExN,0.0801226887687451,2.6744269293758303e-05,3899,2M,HZ2M05,STR
95,MSN,0.0574136612220396,2.494133989878845e-09,7246,2M,HZ2M05,STR
96,Endo,0.585114076063651,0.0031076348947684,236,2M,HZ2M06,BF
97,Peri,0.2526832051659575,9.549723056844025e-18,1970,2M,HZ2M06,BF
98,ExN,0.2144770332229685,1.886092984149112e-05,1011,2M,HZ2M06,BF
99,Astro,0.185247800421598,4.961185594795893e-10,1410,2M,HZ2M06,BF
100,InN,0.1683088740148426,1.1255576391237755e-47,5732,2M,HZ2M06,BF
101,InN,0.1836966201829888,0.0045360040523802,326,2M,HZ2M06,ECT
102,ExN,0.1255211190501822,7.965347569776819e-17,1689,2M,HZ2M06,ECT
103,ExN,0.1059200437211632,2.1996437085695727e-27,5812,2M,HZ2M06,HPF
104,Olig,0.0975278984175015,0.0469865927211666,833,2M,HZ2M06,HPF
105,Astro,0.0349689910439414,0.047445987285785,2891,2M,HZ2M06,HPF
106,SMC,0.4018558917059981,0.0257344296988094,58,2M,HZ2M06,RS
107,Peri,0.2308659077358758,0.0305131349662326,228,2M,HZ2M06,RS
108,ExN,0.1370513312325537,5.5374564351999965e-22,3074,2M,HZ2M06,RS
109,InN,0.104796573286921,0.0001224293906449,1423,2M,HZ2M06,RS
110,Micro,0.2316758633511557,0.029701545793439,179,2M,HZ2M06,TH
111,InN,0.2253144080896157,3.642863950762068e-17,1780,2M,HZ2M06,TH
112,Astro,0.0974055649042913,9.644604503792115e-06,2098,2M,HZ2M06,TH
113,Olig,0.0941936644546828,1.0006736842932515e-08,3842,2M,HZ2M06,TH
114,ExN,0.088185254936006,5.85072784298094e-32,10214,2M,HZ2M06,TH
115,Peri,0.0797513177240942,0.0085634472895772,1644,2M,HZ2M06,TH
116,InN,0.0715529904238323,7.81417382617046e-11,4437,3M,HZ3M01,BF
117,ExN,0.0546579972592077,0.0253736681481437,1816,3M,HZ3M01,BF
118,Peri,0.2062401831716523,0.0025362472626471,488,3M,HZ3M01,PFC
119,ExN,0.1533274727047941,6.913314699643362e-88,7342,3M,HZ3M01,PFC
120,InN,0.0941912124785179,0.0001388824290115,1983,3M,HZ3M01,PFC
121,InN,0.1708103639044174,1.9272676361574575e-38,4901,3M,HZ3M01,STR
122,Peri,0.1553745227076055,7.468338386589645e-22,3871,3M,HZ3M01,STR
123,Olig,0.1031249849614812,8.308317885570795e-17,5078,3M,HZ3M01,STR
124,ExN,0.0722859566478279,4.967908472189325e-07,4783,3M,HZ3M01,STR
125,Astro,0.0611746968697229,0.0008522840588914,2900,3M,HZ3M01,STR
126,MSN,0.0258007682110859,0.0014896139041518,7405,3M,HZ3M01,STR
127,SMC,0.3325416014653511,1.5849444930537726e-05,197,3M,HZ3M02,BF
128,Peri,0.1922529012298783,4.926055061612143e-15,1947,3M,HZ3M02,BF
129,InN,0.1254363839002307,1.038077195634289e-42,6668,3M,HZ3M02,BF
130,Olig,0.0683995881570828,0.0080682918872142,1832,3M,HZ3M02,BF
131,Astro,0.0664880090474849,0.0436819961447319,937,3M,HZ3M02,BF
132,SMC,1.022135045912332,0.0009654560401372,33,3M,HZ3M02,ECT
133,Astro,0.3260294072998105,4.050011518077179e-05,306,3M,HZ3M02,ECT
134,InN,0.1603466771495265,0.006291653746212,571,3M,HZ3M02,ECT
135,ExN,0.1174143210471978,6.7605949439091565e-09,1789,3M,HZ3M02,ECT
136,Astro,0.0803790711486588,7.37474192455765e-05,1916,3M,HZ3M02,HPF
137,Olig,0.0780561265321478,0.028359447819815,1086,3M,HZ3M02,HPF
138,Peri,0.0712491100715611,0.0084617070630484,1304,3M,HZ3M02,HPF
139,ExN,0.0567668345352655,2.0398230678254192e-15,7523,3M,HZ3M02,HPF
140,InN,0.0934101693794071,0.0015678762182417,1425,3M,HZ3M02,RS
141,Olig,0.0706302647187337,0.018975149842784,1140,3M,HZ3M02,RS
142,ExN,0.0367718856542945,0.0058821434470306,3336,3M,HZ3M02,RS
143,ExN,0.3579805953575354,0.0,8255,3M,HZ3M02,TH
144,InN,0.2477376842933046,1.7727250979329173e-59,4021,3M,HZ3M02,TH
145,Peri,0.1660970752261169,8.102330154689542e-23,3151,3M,HZ3M02,TH
146,Astro,0.1095175359227864,9.160477239550753e-08,1919,3M,HZ3M02,TH
147,MSN,0.1044518460206473,0.0253788814391669,1090,3M,HZ3M02,TH
148,Olig,0.0840230730439006,5.1052613010568916e-14,5441,3M,HZ3M02,TH
149,Peri,0.1179728487200043,4.7411260218276485e-07,2110,3M,HZ3M03,BF
150,Astro,0.0907736271369128,0.0217965912900188,944,3M,HZ3M03,BF
151,InN,0.0889071939843716,6.165603782819613e-16,5337,3M,HZ3M03,BF
152,Olig,0.0688098430356718,0.0088695070922261,2113,3M,HZ3M03,BF
153,Endo,-0.7776659874647566,0.0429059213402289,82,3M,HZ3M03,BF
154,ExN,0.0518367664123838,2.368834266060523e-12,8588,3M,HZ3M03,PFC
155,InN,0.3437729012841498,7.196746773703822e-148,4898,3M,HZ3M03,STR
156,Peri,0.3152592131844274,1.833265850802557e-92,4461,3M,HZ3M03,STR
157,Endo,0.2687889335001084,0.0012135703573429,643,3M,HZ3M03,STR
158,ExN,0.2579226583039266,4.388324391476156e-79,5477,3M,HZ3M03,STR
159,Astro,0.2436192674417431,5.118182464649733e-43,3282,3M,HZ3M03,STR
160,Olig,0.1235113785874777,2.2266353301422363e-30,6428,3M,HZ3M03,STR
161,Micro,0.1229220212747658,0.000431134556241,904,3M,HZ3M03,STR
162,MSN,0.0403185974534909,2.688758954176809e-09,10476,3M,HZ3M03,STR
163,Endo,0.4956004774149813,0.044623161287311,163,3M,HZ3M04,BF
164,ExN,0.3020889724384315,7.008456610313118e-11,959,3M,HZ3M04,BF
165,InN,0.2427435758515696,1.1739644143876583e-114,5747,3M,HZ3M04,BF
166,Peri,0.1508841108968562,1.8161714526630999e-12,2661,3M,HZ3M04,BF
167,Astro,0.12605017953068,0.000702713298509,1069,3M,HZ3M04,BF
168,Micro,0.0798334080888306,0.0492638625904184,386,3M,HZ3M04,BF
169,Olig,0.0755968227507435,0.0001766589482478,3010,3M,HZ3M04,BF
170,Peri,0.2743094142228988,0.0035148513711913,203,3M,HZ3M04,ECT
171,Astro,0.2420859443700595,0.0124719977729221,225,3M,HZ3M04,ECT
172,InN,0.1488643072448635,0.0005630387038732,745,3M,HZ3M04,ECT
173,ExN,0.0887304760551875,7.88170151103834e-08,2039,3M,HZ3M04,ECT
174,OPC,0.2818047935268924,0.0163759233157439,292,3M,HZ3M04,HPF
175,ExN,0.107521006588868,1.21410408897089e-46,8476,3M,HZ3M04,HPF
176,SMC,0.5932910067249545,0.032149997941803,56,3M,HZ3M04,RS
177,Astro,0.1765162952020544,0.000792470882443,622,3M,HZ3M04,RS
178,ExN,0.0417888422684896,0.0076149216275557,3335,3M,HZ3M04,RS
179,Micro,0.1522127874967946,0.002892053491118,416,3M,HZ3M04,TH
180,InN,0.0689315757390808,0.0001794111175901,3182,3M,HZ3M04,TH
181,ExN,0.0363226877832252,9.109528362740304e-06,9122,3M,HZ3M04,TH
182,SMC,0.5965020929556982,0.0090514861683573,120,3M,HZ3M05,BF
183,InN,0.3336926761545846,3.3100634748774343e-252,6184,3M,HZ3M05,BF
184,Peri,0.2529928227673904,6.0518340401097345e-27,1967,3M,HZ3M05,BF
185,OPC,0.1987387803612082,0.0218388135824365,386,3M,HZ3M05,BF
186,ExN,0.1910176561822852,2.750243815438768e-20,2764,3M,HZ3M05,BF
187,Astro,0.1844643905658112,3.5097534338914675e-14,1340,3M,HZ3M05,BF
188,Olig,0.1306637968047656,6.937930310164343e-11,2654,3M,HZ3M05,BF
189,Micro,0.1205343859855666,0.0153965297306421,468,3M,HZ3M05,PFC
190,Peri,0.1035408546180525,0.0054465437173833,1029,3M,HZ3M05,PFC
191,ExN,0.0528830127790576,2.165734632476613e-11,8595,3M,HZ3M05,PFC
192,InN,0.1631817382467076,2.3623636950090995e-43,5817,3M,HZ3M05,STR
193,Astro,0.141717133485228,2.5973331892599033e-26,3614,3M,HZ3M05,STR
194,Peri,0.1141820977012877,4.158486512837695e-15,4440,3M,HZ3M05,STR
195,Micro,0.0718209087852017,0.0289956889237579,914,3M,HZ3M05,STR
196,MSN,0.0715168827524206,1.0068161233843128e-30,11928,3M,HZ3M05,STR
197,ExN,0.0680384843181165,2.231801568707607e-06,5373,3M,HZ3M05,STR
198,Olig,0.0588959964116091,1.476872388691792e-07,5764,3M,HZ3M05,STR
199,SMC,0.4449246319666321,1.7081236292563988e-05,203,3M,HZ3M06,BF
200,InN,0.2530303220740631,1.006128060255424e-187,7592,3M,HZ3M06,BF
201,OPC,0.2170678987198099,0.0064745509133676,442,3M,HZ3M06,BF
202,Peri,0.1990325887022709,2.3925044252666214e-29,3229,3M,HZ3M06,BF
203,ExN,0.1743031842609622,3.2363757532846067e-09,1780,3M,HZ3M06,BF
204,Astro,0.0815354771952231,0.002328895395548,1430,3M,HZ3M06,BF
205,ExN,0.0564098384932794,0.0001140589595351,2391,3M,HZ3M06,ECT
206,SMC,0.3928322823879777,0.001294890568909,219,3M,HZ3M06,HPF
207,InN,0.2061192820015834,2.0604208680398315e-09,1278,3M,HZ3M06,HPF
208,Peri,0.1527431731750111,9.62572456935882e-08,1547,3M,HZ3M06,HPF
209,ExN,0.125372361269594,3.236476213184463e-68,8955,3M,HZ3M06,HPF
210,Olig,0.0880777611714442,2.213135867471001e-05,2400,3M,HZ3M06,HPF
211,Astro,0.0580101606091182,0.0076242999877798,2226,3M,HZ3M06,HPF
212,SMC,0.4454723711091636,0.000426487547909,114,3M,HZ3M06,RS
213,ExN,0.1392340297646958,2.088995865723252e-21,3417,3M,HZ3M06,RS
214,Astro,0.1323187481004528,0.0004689044397897,742,3M,HZ3M06,RS
215,Micro,0.1104131853602908,0.0253444511253627,329,3M,HZ3M06,RS
216,InN,0.1103009530641411,0.0001736014099867,1471,3M,HZ3M06,RS
217,ExN,0.159057974423788,1.2304828951037445e-73,8052,3M,HZ3M06,TH
218,InN,0.1151885186405732,3.764603628236586e-07,2525,3M,HZ3M06,TH
219,Olig,0.1145455114351491,4.818298587428863e-18,4848,3M,HZ3M06,TH
220,Micro,0.1080208606013107,0.0478058606444824,374,3M,HZ3M06,TH
221,Peri,0.0930058125300896,0.0003501336041894,2082,3M,HZ3M06,TH
222,Endo,0.2373560198658267,3.364950499910558e-06,501,4M,HZ4M03,BF
223,InN,0.0724416801801305,2.061279571825957e-11,4469,4M,HZ4M03,BF
224,Astro,0.0595425385385243,0.0003161682809883,2617,4M,HZ4M03,BF
225,ExN,0.0322377724095939,1.2785553672900985e-07,9668,4M,HZ4M03,PFC
226,Endo,0.24125011401566,1.980775801517967e-06,1277,4M,HZ4M03,STR
227,InN,0.1555952475543993,2.4545306090336213e-27,5218,4M,HZ4M03,STR
228,Astro,0.1150146765650842,1.353678527989577e-23,6480,4M,HZ4M03,STR
229,Micro,0.1047282364419352,2.255481219856421e-05,2377,4M,HZ4M03,STR
230,Peri,0.0891223609896024,0.0023709384402219,2269,4M,HZ4M03,STR
231,MSN,0.0773839251741466,3.9769982204456753e-19,8370,4M,HZ4M03,STR
232,ExN,0.075619230400027,6.742092690532274e-12,7447,4M,HZ4M03,STR
233,Olig,0.0515065545235856,1.6359794048035383e-09,9658,4M,HZ4M03,STR
234,Micro,0.19771841740131,0.0063338314012015,364,4M,HZ4M05,BF
235,Astro,0.0859019647240632,0.0348986648504593,850,4M,HZ4M05,BF
236,OPC,0.6398451064619652,0.0008370684243591,173,4M,HZ4M05,PFC
237,SMC,0.4485942391198019,7.501703396631765e-05,266,4M,HZ4M05,PFC
238,Micro,0.2864092894318988,6.357503071614832e-15,855,4M,HZ4M05,PFC
239,ExN,0.1941749158853048,1.6587360350959543e-125,7778,4M,HZ4M05,PFC
240,Astro,0.1679822410893514,5.384545428416886e-11,1585,4M,HZ4M05,PFC
241,InN,0.1550391131224494,7.041503894283161e-13,2575,4M,HZ4M05,PFC
242,Olig,0.1369252398198282,0.0001584905565142,1147,4M,HZ4M05,PFC
243,Peri,0.1206221936650507,0.0363155093975781,688,4M,HZ4M05,PFC
244,Peri,0.1427313741317644,7.555257794611109e-11,2794,4M,HZ4M05,STR
245,InN,0.1326870466352303,1.8804690881399415e-15,3860,4M,HZ4M05,STR
246,Micro,0.1027501934144828,0.0002122576024728,1596,4M,HZ4M05,STR
247,ExN,0.0810032832775338,5.110669563807268e-06,3882,4M,HZ4M05,STR
248,Astro,0.0738455148553169,8.850242105865004e-06,3588,4M,HZ4M05,STR
249,Olig,0.0705817290682147,1.9387140371567276e-11,6781,4M,HZ4M05,STR
250,Olig,0.1260301239803535,1.123855427654408e-12,3535,4M,HZ4MP101,BF
251,Astro,0.0814179794906408,3.709566402517881e-06,2813,4M,HZ4MP101,BF
252,InN,0.0771534606972388,6.408582637862308e-10,4941,4M,HZ4MP101,BF
253,SMC,0.4626242847766676,1.1145264290084806e-33,651,4M,HZ4MP101,PFC
254,Astro,0.2556025091754673,1.4950758802800924e-20,1235,4M,HZ4MP101,PFC
255,ExN,0.1896882605135938,2.838557643109397e-150,9284,4M,HZ4MP101,PFC
256,Micro,0.1768631301148194,4.521934358456096e-10,1074,4M,HZ4MP101,PFC
257,Olig,0.175159690358263,5.616609901542848e-17,1522,4M,HZ4MP101,PFC
258,InN,0.0646982037696417,0.0037199397777882,2613,4M,HZ4MP101,PFC
259,InN,0.3609152285563143,2.997753138585308e-123,4151,4M,HZ4MP101,STR
260,ExN,0.313513321757331,1.774318821847358e-90,4885,4M,HZ4MP101,STR
261,Peri,0.2820941543563541,4.103509994471518e-49,3828,4M,HZ4MP101,STR
262,Micro,0.2709225615561829,2.0096214745251134e-30,1962,4M,HZ4MP101,STR
263,Astro,0.2272542904176661,6.51165411755992e-120,6957,4M,HZ4MP101,STR
264,OPC,0.2114322925844385,0.001243214823203,852,4M,HZ4MP101,STR
265,Olig,0.195432464736814,5.618070119829901e-142,11048,4M,HZ4MP101,STR
266,Endo,0.1581944455387226,0.0002126472300235,1648,4M,HZ4MP101,STR
267,MSN,0.0324909697204379,1.048599652090741e-06,10512,4M,HZ4MP101,STR
268,InN,0.7208299319983115,0.0,6971,4M,HZ4MP102,BF
269,Endo,0.6807989120211815,5.920883031968878e-10,418,4M,HZ4MP102,BF
270,ExN,0.6743859118017347,3.239728923714357e-76,1192,4M,HZ4MP102,BF
271,Peri,0.6699499173523314,2.0316968624060997e-111,1952,4M,HZ4MP102,BF
272,Astro,0.6311030830125132,1.4350758391524127e-230,2065,4M,HZ4MP102,BF
273,Micro,0.6124721439802138,1.4622574228001845e-44,611,4M,HZ4MP102,BF
274,SMC,0.4063934843208822,6.1904475001980915e-24,1174,4M,HZ4MP102,BF
275,OPC,0.3525256617845305,0.0001559855327471,557,4M,HZ4MP102,BF
276,Olig,0.3353302889832788,2.904662534466236e-73,3107,4M,HZ4MP102,BF
277,OPC,0.6591239196516581,0.049758573777841,81,4M,HZ4MP102,ECT
278,InN,0.2264236892524116,0.0007989710693082,425,4M,HZ4MP102,ECT
279,ExN,0.0924787714208664,3.316265382209928e-05,1767,4M,HZ4MP102,ECT
280,Micro,0.3738658953703174,6.659337311435683e-55,1395,4M,HZ4MP102,HPF
281,ExN,0.330425146786986,0.0,8772,4M,HZ4MP102,HPF
282,SMC,0.2694154867998484,0.0004389584498986,379,4M,HZ4MP102,HPF
283,InN,0.1951271436260512,0.0014482816519392,534,4M,HZ4MP102,HPF
284,Astro,0.1034034896177039,1.1898023670835833e-07,2881,4M,HZ4MP102,HPF
285,Astro,0.3512839745725161,1.1930805821446893e-33,1386,4M,HZ4MP102,RS
286,ExN,0.3010548018882773,1.952566897208849e-141,5082,4M,HZ4MP102,RS
287,Micro,0.2472315191228772,4.0334743015686945e-09,694,4M,HZ4MP102,RS
288,SMC,0.2449300633803142,9.202786462410893e-06,496,4M,HZ4MP102,RS
289,Olig,0.1629479530380899,5.61437444336468e-07,1205,4M,HZ4MP102,RS
290,InN,0.1291573397633404,1.0444170087185388e-05,1694,4M,HZ4MP102,RS
291,Micro,0.1625394023480315,0.0012466461851394,491,4M,HZ4MP102,TH
292,InN,0.1586600198620689,9.158756782514486e-07,1242,4M,HZ4MP102,TH
293,Astro,0.1273664373870515,4.074406460754136e-06,1721,4M,HZ4MP102,TH
294,ExN,0.0796008286453791,0.0001387974605081,2696,4M,HZ4MP102,TH
295,Peri,0.741463740311125,1.8068708846818603e-249,2200,4M,HZ4MP202,BF
296,OPC,0.7335896128282829,1.3129362451053682e-38,713,4M,HZ4MP202,BF
297,InN,0.7319650281933046,0.0,7839,4M,HZ4MP202,BF
298,Astro,0.6514513418389776,0.0,2231,4M,HZ4MP202,BF
299,Micro,0.5359394604347055,7.380617590052002e-57,717,4M,HZ4MP202,BF
300,Endo,0.5322386353536863,7.400934986551097e-10,402,4M,HZ4MP202,BF
301,SMC,0.3993399312604709,1.3127142068638448e-17,813,4M,HZ4MP202,BF
302,Olig,0.3756181085447596,1.581906576046128e-88,2474,4M,HZ4MP202,BF
303,ExN,0.3354746170435825,2.3724943110304843e-05,438,4M,HZ4MP202,BF
304,SMC,0.5049437469695528,3.446824151910474e-06,103,4M,HZ4MP202,ECT
305,InN,0.2373594092895459,0.0013510221376611,321,4M,HZ4MP202,ECT
306,ExN,0.1958179959388616,7.388841096068026e-34,1738,4M,HZ4MP202,ECT
307,Astro,0.1508148300831358,0.0101994284200048,306,4M,HZ4MP202,ECT
308,Micro,0.1503132005351203,0.0278891566796201,221,4M,HZ4MP202,ECT
309,InN,0.4674639780716104,1.6283140622356117e-22,502,4M,HZ4MP202,HPF
310,OPC,0.4451937512063185,0.0028095524568327,103,4M,HZ4MP202,HPF
311,Astro,0.16626777486167,3.33956141247128e-23,2371,4M,HZ4MP202,HPF
312,SMC,0.1414348327514801,9.332506790376904e-05,628,4M,HZ4MP202,HPF
313,ExN,0.0698968492160326,5.794846928081648e-30,8552,4M,HZ4MP202,HPF
314,Micro,0.0615365383729338,0.0438771717671092,652,4M,HZ4MP202,HPF
315,Peri,0.2510858592375769,0.0036288393108309,266,4M,HZ4MP202,RS
316,ExN,0.2259222004111986,3.06864958387808e-87,3687,4M,HZ4MP202,RS
317,SMC,0.2136403449072263,0.0026769923997746,297,4M,HZ4MP202,RS
318,Olig,0.1763455999829328,7.169812848812525e-14,1199,4M,HZ4MP202,RS
319,Astro,0.1587602796154309,4.5630667807491684e-07,904,4M,HZ4MP202,RS
320,Micro,0.1563569637703304,0.0002668083551094,538,4M,HZ4MP202,RS
321,OPC,0.5784226127844501,2.092189689308804e-20,690,4M,HZ4MP202,TH
322,InN,0.559286555490985,3.4738392399759124e-263,3328,4M,HZ4MP202,TH
323,ExN,0.4439641530339056,0.0,8996,4M,HZ4MP202,TH
324,Peri,0.4199415662919554,7.915816430441023e-95,2704,4M,HZ4MP202,TH
325,Endo,0.3800224125798311,9.001019134542065e-29,1378,4M,HZ4MP202,TH
326,Astro,0.3314229242953628,3.875597708902755e-191,4702,4M,HZ4MP202,TH
327,Micro,0.2883419350598112,1.9938462254587637e-77,2134,4M,HZ4MP202,TH
328,SMC,0.2271567789519965,2.801167743076068e-07,711,4M,HZ4MP202,TH
329,Olig,0.1982992968707471,2.886464991609565e-111,7675,4M,HZ4MP202,TH
330,Astro,0.1099465650759877,0.0016304068108719,913,5M,HZ5M01,BF
331,Peri,0.0966813694050923,0.0019011985536976,1512,5M,HZ5M01,BF
332,Olig,0.0663272849648648,0.0244671013524663,1586,5M,HZ5M01,BF
333,InN,0.0450940172967648,1.0280303998331653e-07,7936,5M,HZ5M01,BF
334,Peri,0.2172627536278432,0.0027586877809776,371,5M,HZ5M01,PFC
335,ExN,0.1649151815501273,1.1359594067574124e-142,11726,5M,HZ5M01,PFC
336,Micro,0.1561803793501284,0.009659877796426,301,5M,HZ5M01,PFC
337,Astro,0.1527837530881843,0.0041253460093277,414,5M,HZ5M01,PFC
338,InN,0.0983633439440763,0.0001006838734501,2438,5M,HZ5M01,PFC
339,InN,0.2445653051933608,1.829076957538774e-68,5122,5M,HZ5M01,STR
340,Micro,0.1595024453073082,7.734539222743172e-09,1308,5M,HZ5M01,STR
341,Peri,0.1465173257858432,1.432868345123453e-07,2264,5M,HZ5M01,STR
342,ExN,0.1132356466132877,3.2756954275854987e-46,11274,5M,HZ5M01,STR
343,Astro,0.1091798083076049,1.896670558433936e-07,2380,5M,HZ5M01,STR
344,Olig,0.107484327472663,2.8846101621690293e-20,5331,5M,HZ5M01,STR
345,Micro,0.2778644817436901,1.4957716166486236e-06,349,5M,HZ5M02,BF
346,ExN,0.2774885938561081,1.724106571108607e-17,1766,5M,HZ5M02,BF
347,Peri,0.1827656723294709,4.6962935816510396e-11,1861,5M,HZ5M02,BF
348,InN,0.1539515901668341,1.881861688881593e-49,6270,5M,HZ5M02,BF
349,Astro,0.1443336941998725,0.0005667363541499,764,5M,HZ5M02,BF
350,Olig,0.1182008502011335,0.0004038942514815,1471,5M,HZ5M02,BF
351,Olig,2.568794851549695,0.0068544849418167,27,5M,HZ5M02,ECT
352,Endo,0.8859520733635807,0.0087877454403749,35,5M,HZ5M02,ECT
353,Peri,0.2420747344854776,0.0277202435340023,145,5M,HZ5M02,ECT
354,OPC,-0.7129557919396637,0.0239859162740489,42,5M,HZ5M02,ECT
355,Peri,0.1832497766516125,0.0122354284754866,471,5M,HZ5M02,HPF
356,ExN,0.0569156066637394,7.847227493409474e-16,9072,5M,HZ5M02,HPF
357,Astro,0.2643481837771856,0.0067001042754248,202,5M,HZ5M02,RS
358,ExN,0.1884475150594822,1.5323761015753481e-50,3970,5M,HZ5M02,RS
359,InN,0.1620973913780995,5.224183936650149e-08,1372,5M,HZ5M02,RS
360,Endo,0.8827565105520048,3.2385975126397624e-06,172,5M,HZ5M02,TH
361,InN,0.3264476402281192,6.719137820788015e-54,2909,5M,HZ5M02,TH
362,MSN,0.3139346333034726,0.0056343070022049,470,5M,HZ5M02,TH
363,ExN,0.2938860714755842,4.957942327630123e-280,9850,5M,HZ5M02,TH
364,Peri,0.2393506837382825,8.198793721996904e-07,924,5M,HZ5M02,TH
365,Micro,0.1498158819062534,0.0005775959180221,517,5M,HZ5M02,TH
366,Astro,0.1426403080014875,8.536615798438857e-05,857,5M,HZ5M02,TH
367,Olig,0.0666738638133998,0.0163459378172554,1850,5M,HZ5M02,TH
368,OPC,0.3247679535480052,0.030688101575189,158,5M,HZ5M03,BF
369,InN,0.3127888875766341,1.513709168888909e-287,6426,5M,HZ5M03,BF
370,Astro,0.2919018143770493,1.7671040206614355e-05,306,5M,HZ5M03,BF
371,ExN,0.1701937568042324,3.1140972486747297e-06,1292,5M,HZ5M03,BF
372,Peri,0.1494603040138957,2.7991952544169203e-05,1121,5M,HZ5M03,BF
373,Olig,0.143406895873882,0.0170727559628212,595,5M,HZ5M03,BF
374,Micro,0.5354577910306095,3.959058802563531e-28,330,5M,HZ5M03,PFC
375,SMC,0.5089706865648986,0.0339721395814851,58,5M,HZ5M03,PFC
376,Olig,0.3407310829290205,2.4979622687959888e-11,483,5M,HZ5M03,PFC
377,ExN,0.2872237991514942,0.0,9724,5M,HZ5M03,PFC
378,InN,0.2598124438289446,9.277207372156902e-13,1489,5M,HZ5M03,PFC
379,Peri,0.2573858887519277,0.0076446111338641,291,5M,HZ5M03,PFC
380,Astro,0.2334148563272773,1.525588264954753e-07,471,5M,HZ5M03,PFC
381,Micro,0.3574722264782382,4.1377631155255874e-13,472,5M,HZ5M03,STR
382,Peri,0.2199540975664767,1.4242907892444336e-14,1990,5M,HZ5M03,STR
383,Astro,0.1831789118309333,4.284582047457634e-12,1389,5M,HZ5M03,STR
384,InN,0.1724863251453763,9.58950945501186e-49,5375,5M,HZ5M03,STR
385,ExN,0.1483895924022072,1.854920434481227e-42,8352,5M,HZ5M03,STR
386,Olig,0.1358698997605222,7.003310902707187e-17,3534,5M,HZ5M03,STR
387,MSN,0.1118660469080393,1.3512957708708208e-59,12031,5M,HZ5M03,STR
388,Micro,0.5028214714033558,6.180330245327015e-12,181,5M,HZ5M04,BF
389,ExN,0.2257824577336562,0.0002929841791209,807,5M,HZ5M04,BF
390,OPC,0.218737253635728,0.0099546473756868,406,5M,HZ5M04,BF
391,Astro,0.2072883214102066,2.593814763975268e-06,558,5M,HZ5M04,BF
392,Olig,0.1955739847480979,0.0002302018319232,817,5M,HZ5M04,BF
393,InN,0.1560491541047824,4.530391482097095e-72,7628,5M,HZ5M04,BF
394,Peri,0.1467799629340392,8.425832572241865e-06,1289,5M,HZ5M04,BF
395,Olig,0.9177532624962264,0.0139748759660474,29,5M,HZ5M04,ECT
396,Peri,0.5124863158953122,0.0029221611020962,71,5M,HZ5M04,ECT
397,Micro,0.4764886954381486,0.014836478738631,38,5M,HZ5M04,ECT
398,ExN,0.2103159994595416,5.754958186740786e-37,1455,5M,HZ5M04,ECT
399,InN,0.1441123167966073,0.0071983425821252,385,5M,HZ5M04,ECT
400,SMC,0.4225448634696339,0.003445179693476,101,5M,HZ5M04,HPF
401,ExN,0.200365094141462,3.9085295650966902e-140,6951,5M,HZ5M04,HPF
402,InN,0.1907205261776304,0.000143478790699,696,5M,HZ5M04,HPF
403,Peri,0.1700414311243421,0.0085354100188636,398,5M,HZ5M04,HPF
404,MSN,0.9218020176453932,0.019162029897407,46,5M,HZ5M04,RS
405,ExN,0.228513456250621,1.1072158303829588e-94,3947,5M,HZ5M04,RS
406,Astro,0.2264280141772384,0.0056382365861448,212,5M,HZ5M04,RS
407,Peri,0.1831584950723183,0.0060762185601252,301,5M,HZ5M04,RS
408,InN,0.1707013713006317,3.0286517793467457e-11,1452,5M,HZ5M04,RS
409,Micro,0.1517779920079099,0.0423189850359804,142,5M,HZ5M04,RS
410,Olig,0.1001434281770679,0.0102271568992369,566,5M,HZ5M04,RS
411,InN,0.6218244859130715,0.0,3941,5M,HZ5M04,TH
412,Peri,0.4782603811358303,2.695537917214441e-62,1563,5M,HZ5M04,TH
413,Endo,0.4564972473880671,0.0004768101219311,203,5M,HZ5M04,TH
414,ExN,0.4471398177512876,0.0,11442,5M,HZ5M04,TH
415,Astro,0.2598987575798327,5.1237668638184006e-15,863,5M,HZ5M04,TH
416,Olig,0.2525546892552875,3.201034304490617e-29,2234,5M,HZ5M04,TH
417,Micro,0.1801292263077849,2.2187730763827848e-10,701,5M,HZ5M04,TH
418,Endo,0.7304947952049479,4.407924463182086e-05,119,5M,HZ5M05,BF
419,SMC,0.640014532236969,0.0032643873271778,99,5M,HZ5M05,BF
420,Peri,0.1469698822472663,6.001356796464922e-05,1330,5M,HZ5M05,BF
421,InN,0.1308895597877278,1.732375362776962e-45,7498,5M,HZ5M05,BF
422,ExN,0.1264140475715579,0.0009477778048189,1515,5M,HZ5M05,BF
423,Peri,0.3955989726046801,0.0022026957541256,185,5M,HZ5M05,PFC
424,ExN,0.1530622956782566,2.428557368287529e-95,9335,5M,HZ5M05,PFC
425,InN,0.0873601335838542,0.0214388362658402,1464,5M,HZ5M05,PFC
426,Micro,0.2026000257969829,4.824879772648491e-07,645,5M,HZ5M05,STR
427,InN,0.1766144094694188,4.6050146046878045e-47,5235,5M,HZ5M05,STR
428,Peri,0.1460641354901236,5.408988164703877e-06,1861,5M,HZ5M05,STR
429,ExN,0.1282112651582363,8.047818865337509e-36,8783,5M,HZ5M05,STR
430,Olig,0.1032163539844145,3.700701808945468e-11,3770,5M,HZ5M05,STR
431,Astro,0.0743687996182425,0.0061860026356472,1501,5M,HZ5M05,STR
432,ExN,1.0653870738210414,1.477845554188704e-67,723,5M,HZ5M06,BF
433,OPC,1.0151157155361636,1.820374206171975e-14,234,5M,HZ5M06,BF
434,Micro,0.572758414320751,5.1904485066842736e-12,170,5M,HZ5M06,BF
435,Astro,0.4791587283455024,1.8091825279557946e-23,527,5M,HZ5M06,BF
436,InN,0.4287542316490241,0.0,7629,5M,HZ5M06,BF
437,Peri,0.3770324090370762,1.474251187698801e-68,2048,5M,HZ5M06,BF
438,Endo,0.3146694563662408,0.0401656412642816,170,5M,HZ5M06,BF
439,Olig,0.2906760602813465,7.088897143902323e-13,1083,5M,HZ5M06,BF
440,SMC,0.270532032070128,0.0009431696932054,183,5M,HZ5M06,BF
441,OPC,1.10947634431931,0.0041558081319692,24,5M,HZ5M06,ECT
442,Micro,0.4046279101689097,0.0205290500326703,52,5M,HZ5M06,ECT
443,InN,0.1975489772303663,0.0006357169190681,477,5M,HZ5M06,ECT
444,ExN,0.1383353127144027,2.0671402120008456e-18,2208,5M,HZ5M06,ECT
445,Olig,0.1940422550868308,0.0346591705937099,355,5M,HZ5M06,HPF
446,Micro,0.1685038523957079,0.0024512206141981,331,5M,HZ5M06,HPF
447,Peri,0.1229592315617106,0.0399017258910745,511,5M,HZ5M06,HPF
448,ExN,0.1124784086431163,1.4152289673307849e-52,8597,5M,HZ5M06,HPF
449,Peri,0.2819317852414392,0.0019023632013253,197,5M,HZ5M06,RS
450,Micro,0.2258227712000923,0.0117619905512587,125,5M,HZ5M06,RS
451,ExN,0.1406960879863331,9.231881100311833e-19,2548,5M,HZ5M06,RS
452,ExN,0.5282886214752353,0.0,11678,5M,HZ5M06,TH
453,InN,0.3651662460249218,3.854020090253929e-153,4855,5M,HZ5M06,TH
454,Peri,0.2149103503117918,2.032886676176585e-14,1687,5M,HZ5M06,TH
455,Micro,0.1291544536469425,0.000120845354024,561,5M,HZ5M06,TH
456,Olig,0.1277265522115742,5.4274440862771585e-09,2341,5M,HZ5M06,TH
457,Astro,0.1085656692787176,0.0029320039736602,785,5M,HZ5M06,TH
458,SMC,0.5502875900938781,1.6388595746515846e-09,369,6M,HZ6M02,BF
459,Micro,0.1385391094715043,0.0001213935978253,884,6M,HZ6M02,BF
460,Olig,0.10968501026663,2.3268681409617374e-10,2604,6M,HZ6M02,BF
461,Astro,0.0489385661665552,0.0105208495970331,2251,6M,HZ6M02,BF
462,InN,0.0483354249231157,0.0063148273873626,2323,6M,HZ6M02,BF
463,Astro,0.1688759137984328,0.0038891015104444,392,6M,HZ6M02,ECT
464,Peri,0.2173148067636918,0.0198551815072276,334,6M,HZ6M02,HPF
465,Olig,0.0826970725212745,0.0239378703057422,959,6M,HZ6M02,HPF
466,ExN,0.0486372708802561,5.976227960153373e-08,5175,6M,HZ6M02,HPF
467,SMC,0.7085110628117263,0.0017961226385055,101,6M,HZ6M02,RS
468,Micro,0.1342460078582247,0.0042892196611783,464,6M,HZ6M02,RS
469,Astro,0.0846396651339847,0.0108781622553277,896,6M,HZ6M02,RS
470,ExN,0.0833438312394551,2.9554060754122535e-07,2153,6M,HZ6M02,RS
471,MSN,0.199747759395208,0.0111806512627103,564,6M,HZ6M02,TH
472,Endo,0.1923253619846559,0.0019162844928482,733,6M,HZ6M02,TH
473,ExN,0.1425314103032917,6.854766658494492e-32,5017,6M,HZ6M02,TH
474,InN,0.1183515444928693,2.52487393811527e-10,3000,6M,HZ6M02,TH
475,Micro,0.072239052454648,0.0008179158640145,2109,6M,HZ6M02,TH
476,Astro,0.0447927249693156,0.0007057164123986,4635,6M,HZ6M02,TH
477,Olig,0.0302660816162539,0.0097365402703722,5335,6M,HZ6M02,TH
478,OPC,0.5342780100516422,0.0007196600785931,182,6M,HZ6M03,BF
479,ExN,0.5194065657730339,2.752210321924449e-31,809,6M,HZ6M03,BF
480,Astro,0.5094816790487445,5.608540473429187e-90,1274,6M,HZ6M03,BF
481,Endo,0.4898776962991048,0.0497471788128775,149,6M,HZ6M03,BF
482,InN,0.4703016720962023,0.0,4634,6M,HZ6M03,BF
483,Micro,0.3976634989107816,5.7945157032633685e-08,228,6M,HZ6M03,BF
484,Peri,0.3969018450034395,1.3349133214307927e-11,532,6M,HZ6M03,BF
485,Olig,0.2870540333446933,5.691260883083851e-25,1481,6M,HZ6M03,BF
486,SMC,0.2238797348986828,0.0493741370413432,207,6M,HZ6M03,BF
487,Olig,0.3560938350397486,3.0117655854401344e-49,1469,6M,HZ6M03,PFC
488,Peri,0.2624918864952497,9.728867787077973e-05,535,6M,HZ6M03,PFC
489,Micro,0.2229663887340233,7.802289181425884e-22,1299,6M,HZ6M03,PFC
490,Astro,0.1898965560015757,1.0896323723942684e-23,2459,6M,HZ6M03,PFC
491,ExN,0.1860454691634501,4.1453974335825005e-92,6888,6M,HZ6M03,PFC
492,InN,0.1263786031363667,8.636103807798587e-05,1387,6M,HZ6M03,PFC
493,Peri,0.2199980558829966,9.687509190597204e-06,1029,6M,HZ6M03,STR
494,InN,0.1805932139772899,1.65069238885913e-47,4127,6M,HZ6M03,STR
495,Astro,0.1638883717968854,4.773956593317679e-27,3479,6M,HZ6M03,STR
496,Olig,0.1478653704490596,2.8172674348628786e-39,5546,6M,HZ6M03,STR
497,Micro,0.1466121245413598,2.765409261221431e-10,1389,6M,HZ6M03,STR
498,Endo,0.1043236043469653,0.0325765593376922,1158,6M,HZ6M03,STR
499,MSN,0.0922598213146916,9.400430563792188e-35,9546,6M,HZ6M03,STR
500,ExN,0.0814256343597771,0.0009055778348261,2770,6M,HZ6M03,STR
501,InN,0.420392455442698,0.0,6031,6M,HZ6M04,BF
502,Peri,0.4157881580550741,7.438838953094615e-40,1893,6M,HZ6M04,BF
503,Micro,0.4157595447882964,1.2781136718468147e-41,1134,6M,HZ6M04,BF
504,Astro,0.4112871506942009,1.41196262828719e-114,2905,6M,HZ6M04,BF
505,SMC,0.3846244241028324,0.0091908827968377,310,6M,HZ6M04,BF
506,ExN,0.3669556791620095,1.3922245372952465e-25,1469,6M,HZ6M04,BF
507,OPC,0.3224900134371283,1.3141890400377187e-06,833,6M,HZ6M04,BF
508,Endo,0.2396550104867724,0.0087692075945474,556,6M,HZ6M04,BF
509,Olig,0.1410198867418532,4.366766591592705e-18,3846,6M,HZ6M04,BF
510,Peri,0.7183700373585379,5.916315057695344e-05,129,6M,HZ6M04,ECT
511,Astro,0.3943366866901056,9.595065471384723e-12,531,6M,HZ6M04,ECT
512,Micro,0.2319457708458092,0.0004493899282205,258,6M,HZ6M04,ECT
513,SMC,0.3128215195294367,0.0214976024048846,161,6M,HZ6M04,HPF
514,ExN,0.2260204520139913,4.499421971720728e-289,10688,6M,HZ6M04,HPF
515,Astro,0.0776952418697882,3.536279346447696e-05,2560,6M,HZ6M04,HPF
516,Micro,0.0686064311154571,0.0340453105846567,775,6M,HZ6M04,HPF
517,SMC,0.3194882538057798,1.2373795702479383e-05,257,6M,HZ6M04,RS
518,ExN,0.1955374023510351,9.794698484147668e-38,3481,6M,HZ6M04,RS
519,Micro,0.1553942165084449,0.000117761323197,591,6M,HZ6M04,RS
520,InN,0.118085032055526,2.654582562713743e-07,2069,6M,HZ6M04,RS
521,Astro,0.0965467157265992,0.0002948015648647,1474,6M,HZ6M04,RS
522,OPC,0.4673190147280553,0.0036090020085252,334,6M,HZ6M04,TH
523,ExN,0.3077683156607108,1.0930673203932567e-205,7620,6M,HZ6M04,TH
524,Peri,0.1928475048869239,0.0004233467236348,952,6M,HZ6M04,TH
525,Endo,0.18123932835542,0.0438155768768731,545,6M,HZ6M04,TH
526,InN,0.1722465962489607,7.623879137870888e-09,1767,6M,HZ6M04,TH
527,Astro,0.1592096090851542,5.424131783180951e-26,4338,6M,HZ6M04,TH
528,Micro,0.1562044996655427,4.169135133924169e-18,2182,6M,HZ6M04,TH
529,Olig,0.0863698094831784,4.760950792787862e-10,5286,6M,HZ6M04,TH
530,OPC,0.4034472687962948,0.0102159549562032,319,6M,HZ6M05,BF
531,ExN,0.0886395970634642,0.0240228395605226,1049,6M,HZ6M05,BF
532,Peri,0.0796720693604184,0.0328721170340597,1319,6M,HZ6M05,BF
533,Astro,0.0654199230180938,0.0004291274826221,2426,6M,HZ6M05,BF
534,SMC,0.3178549984741485,0.0093191856018553,170,6M,HZ6M05,PFC
535,ExN,0.1849492096820105,1.2241640083155095e-132,8603,6M,HZ6M05,PFC
536,Micro,0.1719489272619855,7.914766287551818e-25,2080,6M,HZ6M05,PFC
537,Astro,0.1599925962669021,1.2386334408112921e-15,2205,6M,HZ6M05,PFC
538,InN,0.1096304528495751,0.0003820785540446,1739,6M,HZ6M05,PFC
539,Olig,0.0494945532193886,0.0259991568994716,1714,6M,HZ6M05,PFC
540,Micro,0.2194322515170454,1.4404492206681592e-33,2346,6M,HZ6M05,STR
541,InN,0.1594596447757039,3.6630976815123344e-29,4108,6M,HZ6M05,STR
542,Astro,0.1193116818200585,1.601624976381429e-28,5980,6M,HZ6M05,STR
543,Endo,0.0975002299772868,0.0031600511081938,1941,6M,HZ6M05,STR
544,Peri,0.0673496307673567,0.0114487132729335,2234,6M,HZ6M05,STR
545,Olig,0.0307887203595613,0.0016887051039091,6881,6M,HZ6M05,STR
546,Micro,0.2570777820173515,3.1528154575119057e-15,877,6M,HZ6M06,BF
547,SMC,0.2218274522830093,1.662224809087659e-05,594,6M,HZ6M06,BF
548,InN,0.1934062249311424,4.558163715702924e-84,4658,6M,HZ6M06,BF
549,Olig,0.1834810824057609,3.3339395564938382e-40,3275,6M,HZ6M06,BF
550,Peri,0.1823632394953514,9.209251259851461e-09,1289,6M,HZ6M06,BF
551,Astro,0.161905935539313,5.434528484362419e-24,2676,6M,HZ6M06,BF
552,ExN,0.114627852302616,0.0003752581940708,1149,6M,HZ6M06,BF
553,MSN,0.9237451269147688,0.0004955933057813,64,6M,HZ6M06,ECT
554,Endo,0.9163690416327483,0.0033467347233075,51,6M,HZ6M06,ECT
555,Olig,0.5858217320137327,3.384866102610178e-06,125,6M,HZ6M06,ECT
556,Peri,0.568500619509261,0.000259799911396,104,6M,HZ6M06,ECT
557,OPC,0.5115841547077282,0.0199342159478161,73,6M,HZ6M06,ECT
558,Astro,0.4454561458134345,3.4455981841633547e-32,665,6M,HZ6M06,ECT
559,Micro,0.4166132239640626,2.892659542081797e-05,144,6M,HZ6M06,ECT
560,SMC,0.3881528819238757,6.270671538522998e-05,129,6M,HZ6M06,ECT
561,ExN,0.1663993606180278,1.8170046836653408e-21,1663,6M,HZ6M06,ECT
562,InN,0.1167426366813371,0.0267843956144692,510,6M,HZ6M06,ECT
563,SMC,1.1255887239788205,8.573960221621218e-18,183,6M,HZ6M06,HPF
564,OPC,0.3337131354596731,0.0131114579955283,201,6M,HZ6M06,HPF
565,Peri,0.2050378215652183,1.728283961175351e-05,662,6M,HZ6M06,HPF
566,Olig,0.1845059547179138,8.116748691988632e-12,1168,6M,HZ6M06,HPF
567,ExN,0.1136147864936869,4.613550821725999e-59,6348,6M,HZ6M06,HPF
568,Micro,0.0959114959069826,0.0116910697102076,715,6M,HZ6M06,HPF
569,Astro,0.0566843472899651,0.0015445441143329,2142,6M,HZ6M06,HPF
570,InN,0.1536157444338254,2.700474491588235e-07,1126,6M,HZ6M06,RS
571,Micro,0.151468075007402,1.087557631749816e-06,700,6M,HZ6M06,RS
572,ExN,0.0882875558058821,2.3828231022803367e-10,2502,6M,HZ6M06,RS
573,Olig,0.0876834264080206,0.0298509807275694,634,6M,HZ6M06,RS
574,Astro,0.0865324658652671,0.0011755668845532,1144,6M,HZ6M06,RS
575,ExN,0.3293323176099283,0.0,7054,6M,HZ6M06,TH
576,InN,0.3206404145237825,6.018611389141418e-56,2495,6M,HZ6M06,TH
577,Endo,0.246180759567393,2.4886531244820337e-08,928,6M,HZ6M06,TH
578,Peri,0.2305376717509595,1.7465748801011392e-16,1565,6M,HZ6M06,TH
579,MSN,0.221282349203764,0.0261399021887286,420,6M,HZ6M06,TH
580,Astro,0.1615249974689903,3.06145032322734e-39,4553,6M,HZ6M06,TH
581,Micro,0.1515050779098044,1.8687256266587992e-19,2288,6M,HZ6M06,TH
582,Olig,0.0731479090193437,2.4403939169921253e-15,6442,6M,HZ6M06,TH
583,InN,0.5672217028544265,0.0,6341,6M,HZ6MP101,BF
584,OPC,0.4843319726409725,4.5581646664960274e-08,356,6M,HZ6MP101,BF
585,ExN,0.441010004528134,2.6199445946042657e-33,1151,6M,HZ6MP101,BF
586,Astro,0.3685518851521472,2.0009662147226e-127,2770,6M,HZ6MP101,BF
587,Peri,0.3632503834180185,2.8435486913664587e-28,1386,6M,HZ6MP101,BF
588,Endo,0.297802399415257,0.0130304346727706,322,6M,HZ6MP101,BF
589,SMC,0.2790717020857332,2.076136749082861e-06,259,6M,HZ6MP101,BF
590,Olig,0.2051670788240643,4.293097616894675e-28,2652,6M,HZ6MP101,BF
591,Micro,0.1671655274424782,7.55049038837703e-08,776,6M,HZ6MP101,BF
592,Micro,0.3162565357029226,2.749712345871905e-89,1767,6M,HZ6MP101,PFC
593,Olig,0.3011445872766526,1.9452593735703843e-60,1601,6M,HZ6MP101,PFC
594,Astro,0.2945256216980668,2.6036392772351767e-57,1815,6M,HZ6MP101,PFC
595,ExN,0.288396889957132,0.0,8768,6M,HZ6MP101,PFC
596,InN,0.2768581798109515,3.6691401226240126e-38,1944,6M,HZ6MP101,PFC
597,Endo,0.2052775923365446,0.00081780609276,484,6M,HZ6MP101,PFC
598,Peri,0.1979387672468443,3.83211482402032e-05,612,6M,HZ6MP101,PFC
599,SMC,0.166295235346857,0.0002791503018176,433,6M,HZ6MP101,PFC
600,Micro,0.3989422891100777,2.7480323751508247e-134,2092,6M,HZ6MP101,STR
601,Olig,0.2294571188983294,2.4133466452575452e-179,7652,6M,HZ6MP101,STR
602,InN,0.2229273400061797,2.707548674723281e-103,5352,6M,HZ6MP101,STR
603,Astro,0.1910803374778285,6.918642163846172e-77,5461,6M,HZ6MP101,STR
604,ExN,0.1605298986471868,1.274063010233389e-12,3053,6M,HZ6MP101,STR
605,OPC,0.1223243403272472,0.0418177777761598,630,6M,HZ6MP101,STR
606,Peri,0.1084186261327634,7.530968192802137e-06,2341,6M,HZ6MP101,STR
607,MSN,0.0822918755556164,5.653662281266966e-56,14299,6M,HZ6MP101,STR
608,Endo,0.0731912143566473,0.0020569798977278,2479,6M,HZ6MP101,STR
609,SMC,0.6140262011097392,5.396278852467108e-19,289,6M,HZ6MP102,BF
610,Endo,0.4976202537388608,3.266371478094094e-11,336,6M,HZ6MP102,BF
611,Micro,0.4882735713215216,1.866610666713056e-60,617,6M,HZ6MP102,BF
612,Peri,0.4268912081065138,3.368851947890898e-70,1370,6M,HZ6MP102,BF
613,Astro,0.3688398863097939,3.541485273024454e-113,1759,6M,HZ6MP102,BF
614,Olig,0.3375099922653986,2.5016096891571947e-73,1662,6M,HZ6MP102,BF
615,InN,0.315420105445093,0.0,6741,6M,HZ6MP102,BF
616,OPC,0.2651625112969296,1.4525158349871465e-06,519,6M,HZ6MP102,BF
617,ExN,0.1365918246067022,0.0123624989669489,481,6M,HZ6MP102,BF
618,SMC,0.2852678402749976,5.139526355685306e-05,135,6M,HZ6MP102,ECT
619,ExN,0.1955289485570864,3.0777703747123233e-40,1445,6M,HZ6MP102,ECT
620,Micro,0.1596848355817282,0.0022724117969828,204,6M,HZ6MP102,ECT
621,InN,0.1452069626499429,0.0007620803114849,389,6M,HZ6MP102,ECT
622,Astro,0.1282682135346887,0.0018535209246601,406,6M,HZ6MP102,ECT
623,Micro,0.2944452960256939,5.525994149944882e-27,633,6M,HZ6MP102,HPF
624,InN,0.2667845478011151,9.132003895536703e-11,415,6M,HZ6MP102,HPF
625,OPC,0.2529658817992339,0.0036215026365428,127,6M,HZ6MP102,HPF
626,SMC,0.1644766091585168,9.107175684541551e-06,413,6M,HZ6MP102,HPF
627,ExN,0.1358619764688148,4.5389833759541205e-132,8464,6M,HZ6MP102,HPF
628,Peri,0.1026485173061377,0.0381202413701519,468,6M,HZ6MP102,HPF
629,Astro,0.0699574990781373,6.9104726310920934e-09,2680,6M,HZ6MP102,HPF
630,Olig,0.3869882692564357,5.406024826149169e-100,1415,6M,HZ6MP102,RS
631,ExN,0.2347043272060442,1.2091653400770919e-101,3009,6M,HZ6MP102,RS
632,Micro,0.1699713713272301,2.335392480571547e-10,639,6M,HZ6MP102,RS
633,Peri,0.1424675564665801,0.0224605710083318,309,6M,HZ6MP102,RS
634,InN,0.1395102913787996,4.0642792270442896e-10,1288,6M,HZ6MP102,RS
635,Astro,0.1074543606311569,6.614949532136542e-06,1034,6M,HZ6MP102,RS
636,ExN,0.6939809739010843,0.0,8544,6M,HZ6MP102,TH
637,Peri,0.5859099227031211,2.584147497759133e-123,1579,6M,HZ6MP102,TH
638,Endo,0.5742428329901513,3.966572580898392e-45,919,6M,HZ6MP102,TH
639,InN,0.5204742437527073,2.4302548421648616e-265,2187,6M,HZ6MP102,TH
640,OPC,0.4598267397684644,8.528299639320702e-18,512,6M,HZ6MP102,TH
641,Astro,0.4470889895102908,0.0,4090,6M,HZ6MP102,TH
642,Micro,0.2980794769353518,8.356439674512268e-142,2579,6M,HZ6MP102,TH
643,Olig,0.283947945245843,2.3742264775165144e-193,5056,6M,HZ6MP102,TH
644,SMC,0.2117577962156299,7.942787645596294e-06,294,6M,HZ6MP102,TH
645,Astro,0.6062379261090716,0.0,2548,6M,HZ6MP202,BF
646,Peri,0.57927949154671,4.7325710286348735e-80,1414,6M,HZ6MP202,BF
647,InN,0.5424778378110795,0.0,8794,6M,HZ6MP202,BF
648,Micro,0.515180082513561,4.5209308339022784e-86,834,6M,HZ6MP202,BF
649,OPC,0.4910404704049747,1.0895050881992993e-18,689,6M,HZ6MP202,BF
650,Olig,0.4889290562340649,1.4242176134569498e-237,3325,6M,HZ6MP202,BF
651,Endo,0.4291753713974042,6.238342382981922e-05,316,6M,HZ6MP202,BF
652,ExN,0.3015712739620972,1.328472934153827e-18,983,6M,HZ6MP202,BF
653,SMC,0.2508881028751227,5.311124513494365e-07,460,6M,HZ6MP202,BF
654,OPC,0.8434465166377537,0.0061354028622561,27,6M,HZ6MP202,ECT
655,Astro,0.3601938173541073,3.1455039896595094e-20,434,6M,HZ6MP202,ECT
656,Olig,0.342123643557112,0.0335916452884672,50,6M,HZ6MP202,ECT
657,Micro,0.3225691352086133,7.775255467583085e-10,213,6M,HZ6MP202,ECT
658,ExN,0.2879704721458647,1.067421420511632e-100,1749,6M,HZ6MP202,ECT
659,Endo,0.2597147736628356,0.0107424976895798,136,6M,HZ6MP202,ECT
660,SMC,0.2496719296124012,0.0110424736747886,119,6M,HZ6MP202,ECT
661,Peri,0.2162977047760133,0.0106824058349869,174,6M,HZ6MP202,ECT
662,InN,0.1085018648708788,0.0407117983748523,363,6M,HZ6MP202,ECT
663,MSN,0.6782391701757021,0.0144458638050177,82,6M,HZ6MP202,HPF
664,InN,0.3662773008568991,1.8680938920189158e-10,362,6M,HZ6MP202,HPF
665,Micro,0.3161141852478415,2.584664559482081e-34,828,6M,HZ6MP202,HPF
666,Olig,0.1884652244479473,4.3194504326656637e-07,844,6M,HZ6MP202,HPF
667,ExN,0.177170374059753,2.889117891809775e-180,8315,6M,HZ6MP202,HPF
668,SMC,0.1473642491966305,0.0044232747170944,392,6M,HZ6MP202,HPF
669,Peri,0.0868406845157844,0.0450049855355133,752,6M,HZ6MP202,HPF
670,Astro,0.0836116372118201,1.3885407172041612e-10,3129,6M,HZ6MP202,HPF
671,SMC,0.5229172128034739,9.05083966251456e-27,402,6M,HZ6MP202,RS
672,Micro,0.318606853091072,2.5320176577073023e-34,720,6M,HZ6MP202,RS
673,Astro,0.2994735738141423,2.4612034884466372e-30,1111,6M,HZ6MP202,RS
674,Olig,0.2671197728461348,1.0074541748473325e-13,710,6M,HZ6MP202,RS
675,ExN,0.2481715992717117,4.965376619021448e-106,3361,6M,HZ6MP202,RS
676,InN,0.0414561832059275,0.0348374422483536,1722,6M,HZ6MP202,RS
677,Endo,0.8410819310735568,6.874369472392924e-83,1033,6M,HZ6MP202,TH
678,Peri,0.6857138518404813,1.661390802672998e-103,1561,6M,HZ6MP202,TH
679,OPC,0.6583078925541838,6.132107279851333e-12,365,6M,HZ6MP202,TH
680,InN,0.5276673812372938,1.5067386433980708e-155,2099,6M,HZ6MP202,TH
681,ExN,0.4362206047547494,0.0,10488,6M,HZ6MP202,TH
682,Astro,0.37666430619822,2.833883374571624e-276,5524,6M,HZ6MP202,TH
683,Olig,0.3040280024688758,4.4382984103770956e-176,5969,6M,HZ6MP202,TH
684,Micro,0.1836224728328549,3.5408005384043275e-57,3238,6M,HZ6MP202,TH
685,SMC,0.1008865574087915,0.0451603816153341,391,6M,HZ6MP202,TH
686,InN,0.5075080946667082,0.0,7352,8M,HZ8M01,BF
687,ExN,0.3676188651806229,1.7941001623347489e-25,1487,8M,HZ8M01,BF
688,Astro,0.3579707923677642,2.291287413122833e-18,732,8M,HZ8M01,BF
689,SMC,0.2850546406651232,7.445699355278371e-45,2476,8M,HZ8M01,BF
690,Peri,0.2794664792559028,1.4805789473328842e-24,2156,8M,HZ8M01,BF
691,Micro,0.2280776708102724,1.7637598056925694e-11,698,8M,HZ8M01,BF
692,Olig,0.2049106779402351,1.4702982775713069e-10,1296,8M,HZ8M01,BF
693,ExN,0.0484570471732389,2.559390331858214e-08,8756,8M,HZ8M01,PFC
694,Micro,0.0400959911396574,0.0081820851190877,2116,8M,HZ8M01,PFC
695,Astro,0.2114197572867042,3.86521759490836e-51,3600,8M,HZ8M01,STR
696,Peri,0.1568769862383249,1.4000028228691949e-13,3345,8M,HZ8M01,STR
697,Micro,0.0921118003073352,1.5665549480899488e-14,3680,8M,HZ8M01,STR
698,ExN,0.0718563146780035,1.2864946110904374e-06,5515,8M,HZ8M01,STR
699,InN,0.070837891660995,2.1991583065402565e-06,5055,8M,HZ8M01,STR
700,Olig,0.0467944052307142,1.0080384193365617e-05,5803,8M,HZ8M01,STR
701,SMC,0.0363404730728275,0.0386935740523071,3935,8M,HZ8M01,STR
702,SMC,0.6743523100413482,3.698778527078183e-306,2853,8M,HZ8M02,BF
703,Olig,0.6645150591987624,1.2953925915008867e-229,2540,8M,HZ8M02,BF
704,Micro,0.4133401232527551,6.209451853620917e-94,1529,8M,HZ8M02,BF
705,Astro,0.3449381546461363,1.4498881451708077e-37,1305,8M,HZ8M02,BF
706,InN,0.3073720874025228,0.0,8542,8M,HZ8M02,BF
707,ExN,0.273899512958828,5.2396186141049935e-19,1665,8M,HZ8M02,BF
708,Peri,0.2718325068540123,6.622735602586232e-33,2654,8M,HZ8M02,BF
709,Endo,0.2426557204666685,0.0457721793711296,390,8M,HZ8M02,BF
710,OPC,0.1842555628780707,0.006486586277414,592,8M,HZ8M02,BF
711,SMC,0.748485458214393,2.005650627113417e-16,306,8M,HZ8M02,ECT
712,Peri,0.3074306843283629,0.0039924529939907,304,8M,HZ8M02,ECT
713,Astro,0.1497397942453643,0.0185927560818874,479,8M,HZ8M02,ECT
714,ExN,0.116167323176158,1.98562669619738e-09,2641,8M,HZ8M02,ECT
715,Micro,0.0751585896876219,0.0152333154668675,722,8M,HZ8M02,ECT
716,OPC,1.1829230195960547,1.7076467658332554e-07,156,8M,HZ8M02,HPF
717,Olig,0.4017942562558769,1.5521533888899428e-14,643,8M,HZ8M02,HPF
718,SMC,0.3959970087312719,2.2239814476536276e-63,1690,8M,HZ8M02,HPF
719,Astro,0.1594707765213719,1.0027322487965856e-10,1833,8M,HZ8M02,HPF
720,Micro,0.1523501517035322,3.1334350807778184e-14,1411,8M,HZ8M02,HPF
721,ExN,0.1228078867271216,4.028281165010137e-116,13270,8M,HZ8M02,HPF
722,OPC,0.4215811684943311,0.03984257457789,134,8M,HZ8M02,RS
723,Olig,0.3096298922390598,1.455386537205594e-28,1082,8M,HZ8M02,RS
724,SMC,0.1471476038114894,0.0007735284164133,815,8M,HZ8M02,RS
725,ExN,0.1305177032170826,1.9933221431952186e-23,4547,8M,HZ8M02,RS
726,Micro,0.1175818476108278,3.883876805548749e-08,1293,8M,HZ8M02,RS
727,InN,0.0855505620819112,0.0260309106085418,1341,8M,HZ8M02,RS
728,MSN,0.9305776981306636,9.302621715444153e-12,404,8M,HZ8M02,TH
729,Endo,0.6739443264820766,2.105519928384821e-20,676,8M,HZ8M02,TH
730,ExN,0.5442067158219611,0.0,11122,8M,HZ8M02,TH
731,InN,0.4662402676385919,3.799851655380873e-245,4218,8M,HZ8M02,TH
732,Peri,0.4469791924405966,2.4117942194916606e-125,3459,8M,HZ8M02,TH
733,SMC,0.3882345646011285,5.385036251535083e-78,2717,8M,HZ8M02,TH
734,Astro,0.2399724798331257,1.6083242043434927e-68,3878,8M,HZ8M02,TH
735,OPC,0.1718714552858388,0.0004611412348578,1002,8M,HZ8M02,TH
736,Olig,0.1452661929962714,2.3196207626301913e-28,4328,8M,HZ8M02,TH
737,Micro,0.120101893010644,9.288720808719396e-33,4679,8M,HZ8M02,TH
738,Endo,0.5011280563319988,0.0296082437043089,215,8M,HZ8M03,BF
739,InN,0.4303394543157644,7.290053895412259e-277,5192,8M,HZ8M03,BF
740,Astro,0.4126663415504072,4.310872174710915e-31,962,8M,HZ8M03,BF
741,Peri,0.3358143523650359,3.8431229298256674e-46,2437,8M,HZ8M03,BF
742,SMC,0.3083947748742979,2.3037567649414697e-22,1346,8M,HZ8M03,BF
743,ExN,0.3048245507234652,1.4189445507543596e-20,1729,8M,HZ8M03,BF
744,Micro,0.2788935605729051,5.786049742181973e-12,659,8M,HZ8M03,BF
745,OPC,0.2733378352485185,0.016796730734459,390,8M,HZ8M03,BF
746,Olig,0.1338190025738545,1.95364801831702e-06,1568,8M,HZ8M03,BF
747,Endo,0.3709085523157419,0.0037154064278176,294,8M,HZ8M03,PFC
748,SMC,0.1988334661798187,1.5224275917247305e-12,1454,8M,HZ8M03,PFC
749,ExN,0.1735191364785246,1.2888730235765462e-107,8912,8M,HZ8M03,PFC
750,Peri,0.1388673755792042,0.0358485451055935,652,8M,HZ8M03,PFC
751,InN,0.1201263407125869,8.008865532000658e-05,1937,8M,HZ8M03,PFC
752,Astro,0.0998700818958498,0.0013639547064314,930,8M,HZ8M03,PFC
753,Micro,0.0801277024986373,9.984997084855998e-08,2330,8M,HZ8M03,PFC
754,Astro,0.2578823282466196,2.2652527778790482e-60,2960,8M,HZ8M03,STR
755,Peri,0.2004149959978158,3.389204886883641e-23,3374,8M,HZ8M03,STR
756,Micro,0.1576567325141386,6.267479134362665e-25,2576,8M,HZ8M03,STR
757,InN,0.132235188260387,6.2414205752124006e-21,4819,8M,HZ8M03,STR
758,ExN,0.0936761599532949,1.1285652598004563e-08,4382,8M,HZ8M03,STR
759,SMC,0.0730890920217964,3.2730957581080226e-05,3551,8M,HZ8M03,STR
760,Olig,0.0493176867527989,5.272267355708652e-05,4934,8M,HZ8M03,STR
761,MSN,0.0365591698228402,2.5510069311543453e-08,10853,8M,HZ8M03,STR
762,Micro,0.8876071083625715,2.6864834834317666e-238,1138,8M,HZ8M04,BF
763,Olig,0.7808946637712118,3.219828006500618e-210,2169,8M,HZ8M04,BF
764,OPC,0.3934557978873306,2.900250566300271e-05,459,8M,HZ8M04,BF
765,SMC,0.2802845170833596,2.082746108498985e-38,2405,8M,HZ8M04,BF
766,Astro,0.2470696242703133,9.137597645199742e-14,1080,8M,HZ8M04,BF
767,Peri,0.216867106165907,1.0859262471506533e-18,2648,8M,HZ8M04,BF
768,ExN,0.1804921211725919,4.5302758929475816e-08,1711,8M,HZ8M04,BF
769,InN,0.1681561870930467,1.879343147107489e-53,6269,8M,HZ8M04,BF
770,SMC,0.4609390627329889,7.799662860858865e-10,342,8M,HZ8M04,ECT
771,Micro,0.3643488917117715,1.2917086920523382e-14,434,8M,HZ8M04,ECT
772,Astro,0.2871312110032107,0.0062458680932781,314,8M,HZ8M04,ECT
773,InN,0.2239274710385944,0.0032359009612864,588,8M,HZ8M04,ECT
774,ExN,0.181394448994591,2.1196728504482126e-17,2140,8M,HZ8M04,ECT
775,Olig,0.2342770588747957,1.0920489818638579e-07,838,8M,HZ8M04,HPF
776,InN,0.1870146057295338,0.0028772755485873,548,8M,HZ8M04,HPF
777,SMC,0.1601259512732321,1.601993765894027e-07,1265,8M,HZ8M04,HPF
778,Astro,0.1380704612080395,3.408181439972035e-06,1522,8M,HZ8M04,HPF
779,ExN,0.0906278990402139,1.4320242426921744e-40,9991,8M,HZ8M04,HPF
780,SMC,0.2718980750644058,1.2245561304202517e-13,977,8M,HZ8M04,RS
781,Peri,0.2462236172423113,0.0007984733155561,544,8M,HZ8M04,RS
782,Astro,0.2151518634174011,0.0003050410766218,516,8M,HZ8M04,RS
783,ExN,0.1251523234552308,8.203896609539732e-14,3084,8M,HZ8M04,RS
784,Micro,0.0773912027311871,0.0061574253136478,860,8M,HZ8M04,RS
785,ExN,0.4103385560902211,0.0,9770,8M,HZ8M04,TH
786,SMC,0.330430774494237,2.7703227543637885e-51,2162,8M,HZ8M04,TH
787,InN,0.2585253065639949,2.8812978983583145e-36,2573,8M,HZ8M04,TH
788,Peri,0.2130768202513983,3.655047405952072e-27,3030,8M,HZ8M04,TH
789,Astro,0.1357857439391869,1.5017504985086254e-18,3458,8M,HZ8M04,TH
790,Micro,0.1163712269855102,1.8882379184563847e-20,3528,8M,HZ8M04,TH
791,Olig,0.1040330128934795,7.547030050231805e-10,3467,8M,HZ8M04,TH
792,InN,0.2241329525599533,3.2301019316751695e-92,5218,8M,HZ8M05,BF
793,Micro,0.1426358325567295,2.113447900081087e-05,919,8M,HZ8M05,BF
794,ExN,0.1203321583149286,1.2140503463652136e-10,2644,8M,HZ8M05,BF
795,Peri,0.0879609193240947,0.0014269137722809,1695,8M,HZ8M05,BF
796,Olig,0.0877913379520918,0.0163521262922989,1038,8M,HZ8M05,BF
797,SMC,0.0798249938052356,0.0005357105355191,1904,8M,HZ8M05,BF
798,Astro,0.071382756940389,0.0059490136555318,1402,8M,HZ8M05,BF
799,SMC,0.1079484799060867,0.006118596001417,1061,8M,HZ8M05,PFC
800,Astro,0.0884886897136216,0.0321142828248645,657,8M,HZ8M05,PFC
801,Micro,0.0864942923883693,1.2758612663512962e-05,1462,8M,HZ8M05,PFC
802,ExN,0.0723468147380739,5.98691254650344e-20,8444,8M,HZ8M05,PFC
803,Endo,0.6271519199368216,7.092578606639082e-38,1124,8M,HZ8M05,STR
804,OPC,0.4253925754719012,9.211065092994776e-07,574,8M,HZ8M05,STR
805,Astro,0.2271454438600627,4.120502112047921e-43,3211,8M,HZ8M05,STR
806,Olig,0.2062320597416632,3.570393526777001e-79,5457,8M,HZ8M05,STR
807,Peri,0.1921481812077519,5.167366141642858e-15,2808,8M,HZ8M05,STR
808,Micro,0.1599840145781884,7.812962541216011e-29,3335,8M,HZ8M05,STR
809,InN,0.1478737852316694,7.878199922634363e-29,5399,8M,HZ8M05,STR
810,ExN,0.0739027114769666,1.127062069978486e-10,7106,8M,HZ8M05,STR
811,SMC,0.0485962821675551,0.0001390809972032,5752,8M,HZ8M05,STR
812,MSN,0.023501690924826,0.0025895949996858,8934,8M,HZ8M05,STR
813,Micro,0.4273718596673355,4.575699496721009e-82,1360,8M,HZ8M06,BF
814,Astro,0.4129880349553648,7.370827131507158e-66,1521,8M,HZ8M06,BF
815,Peri,0.3800373909425646,4.129432780810858e-75,3042,8M,HZ8M06,BF
816,ExN,0.3518677821476899,2.8224825217505028e-42,2131,8M,HZ8M06,BF
817,SMC,0.3365591477194894,2.3632630068824298e-48,2296,8M,HZ8M06,BF
818,OPC,0.3179910405924717,2.6340472901769016e-05,621,8M,HZ8M06,BF
819,InN,0.2384194754146207,7.497407507764394e-178,8408,8M,HZ8M06,BF
820,Olig,0.2059600067446942,5.337786896488917e-18,2086,8M,HZ8M06,BF
821,SMC,0.4313299583116932,7.065326712853021e-11,380,8M,HZ8M06,ECT
822,Peri,0.2959555540799984,0.0130283675087159,224,8M,HZ8M06,ECT
823,Astro,0.2160664476902151,0.0034841752776546,404,8M,HZ8M06,ECT
824,Micro,0.1049164478500363,0.009177156413228,434,8M,HZ8M06,ECT
825,ExN,0.1024693125405905,1.6547303430883933e-08,2514,8M,HZ8M06,ECT
826,SMC,0.4243842668734252,3.5023380419627996e-58,1463,8M,HZ8M06,HPF
827,Astro,0.2622513783606163,3.1090830069983614e-19,1489,8M,HZ8M06,HPF
828,Micro,0.2138357885577873,2.0358572839849605e-30,1443,8M,HZ8M06,HPF
829,ExN,0.1656889562091727,5.0943731614037626e-136,9765,8M,HZ8M06,HPF
830,Olig,0.1176452813951157,0.0078542490255503,879,8M,HZ8M06,HPF
831,SMC,0.4106043050167955,2.0093876627244238e-41,1124,8M,HZ8M06,RS
832,ExN,0.3524621883562545,1.163689020562999e-130,3543,8M,HZ8M06,RS
833,Astro,0.2839157334647622,1.883106093442924e-07,517,8M,HZ8M06,RS
834,Olig,0.2120404440062613,6.340603069718949e-07,608,8M,HZ8M06,RS
835,Micro,0.1522280469955082,4.006457255462205e-08,761,8M,HZ8M06,RS
836,InN,0.1384292259563332,1.886867741484463e-05,1494,8M,HZ8M06,RS
837,MSN,0.8834497084697263,0.000511660221782,185,8M,HZ8M06,TH
838,InN,0.3417022353147954,8.734065923284535e-42,2057,8M,HZ8M06,TH
839,ExN,0.3348943196747813,0.0,8919,8M,HZ8M06,TH
840,SMC,0.3130024223481353,8.49983343158918e-43,2228,8M,HZ8M06,TH
841,Peri,0.2799244500819303,5.490230200687599e-38,2688,8M,HZ8M06,TH
842,OPC,0.2042443655605431,0.0116548975667534,574,8M,HZ8M06,TH
843,Olig,0.1686594561774171,1.1227286750936425e-23,3208,8M,HZ8M06,TH
844,Astro,0.1466090179441723,2.411943599513585e-14,2241,8M,HZ8M06,TH
845,Micro,0.0752043619637482,1.6729045012510327e-10,3441,8M,HZ8M06,TH
846,InN,0.5703061711538587,0.0,5511,12M,HZ12M01,BF
847,SMC,0.3769957388983576,7.666102437551165e-90,2929,12M,HZ12M01,BF
848,Astro,0.2793274903574408,6.0947720611726115e-24,1434,12M,HZ12M01,BF
849,ExN,0.2475924801558771,3.4778368456428546e-12,1366,12M,HZ12M01,BF
850,Peri,0.2291076070068621,3.157435290349857e-06,771,12M,HZ12M01,BF
851,Micro,0.1890105712273841,0.0004485412722223,372,12M,HZ12M01,BF
852,SMC,0.5998101564209429,2.6072361798568972e-14,457,12M,HZ12M01,PFC
853,Peri,0.3816621466014689,0.0167211615663974,174,12M,HZ12M01,PFC
854,Astro,0.263625753842344,1.0157281711810552e-36,2071,12M,HZ12M01,PFC
855,Micro,0.2123957838992394,4.335175087931743e-18,1074,12M,HZ12M01,PFC
856,InN,0.1715733282250663,0.0009944595885307,833,12M,HZ12M01,PFC
857,Olig,0.1397179556670848,0.0006014122017746,636,12M,HZ12M01,PFC
858,ExN,0.1171926326806001,1.1849786161943584e-36,7086,12M,HZ12M01,PFC
859,Peri,0.1473830764211456,0.0003549712973643,1514,12M,HZ12M01,STR
860,SMC,0.0828999316941331,0.0080961840727301,1963,12M,HZ12M01,STR
861,Endo,0.0705765363947462,0.0233304076387295,2081,12M,HZ12M01,STR
862,Astro,0.0562153139183846,7.171041558713091e-09,7277,12M,HZ12M01,STR
863,Micro,0.0450710011917424,0.0034162938471703,2570,12M,HZ12M01,STR
864,ExN,0.0414497204656777,0.0004088561933788,6560,12M,HZ12M01,STR
865,Olig,0.0408938110375978,0.0123038214058014,3256,12M,HZ12M01,STR
866,MSN,0.0290703967968442,0.0017119654484077,6825,12M,HZ12M01,STR
867,InN,0.4505766807693299,0.0,7943,12M,HZ12M02,BF
868,Astro,0.4035497319750208,1.0661688515776823e-200,3946,12M,HZ12M02,BF
869,SMC,0.3345623323239046,2.7640833810538375e-76,2889,12M,HZ12M02,BF
870,Peri,0.3277979710543635,5.871672886413162e-35,1914,12M,HZ12M02,BF
871,ExN,0.2752101199711751,1.7025560811863585e-43,2709,12M,HZ12M02,BF
872,Endo,0.2698296705641638,0.0031344183963472,491,12M,HZ12M02,BF
873,Micro,0.236499428619593,2.8725073228365084e-23,1308,12M,HZ12M02,BF
874,OPC,0.1573674780997403,0.0012117368989047,844,12M,HZ12M02,BF
875,ExN,0.0461982440127919,0.0059452326644718,2497,12M,HZ12M02,ECT
876,InN,0.139489313959428,0.0005393305483418,828,12M,HZ12M02,HPF
877,Astro,0.0862100052455635,1.6478758500492504e-10,3687,12M,HZ12M02,HPF
878,ExN,0.0861686000801933,1.7076199497351513e-63,13003,12M,HZ12M02,HPF
879,Micro,0.0490821301239878,0.0309410213125798,1314,12M,HZ12M02,HPF
880,SMC,0.2487332361072271,8.685068921069323e-05,461,12M,HZ12M02,RS
881,Peri,0.2394109036565432,0.0039982659177939,348,12M,HZ12M02,RS
882,Olig,0.197370977000737,8.419567693385013e-11,852,12M,HZ12M02,RS
883,Astro,0.1651646167309454,2.228831864023565e-09,1349,12M,HZ12M02,RS
884,Micro,0.1554044429998895,6.120796359531001e-06,606,12M,HZ12M02,RS
885,ExN,0.0726354068461173,2.346534217838869e-07,3607,12M,HZ12M02,RS
886,MSN,0.8402888862069163,5.330456180011624e-23,621,12M,HZ12M02,TH
887,InN,0.5312692758937555,0.0,5268,12M,HZ12M02,TH
888,Peri,0.4369032675684879,2.611340418137705e-43,1818,12M,HZ12M02,TH
889,SMC,0.4003920268025207,2.806752387386293e-49,2032,12M,HZ12M02,TH
890,ExN,0.3608756161947469,0.0,9715,12M,HZ12M02,TH
891,Endo,0.2400218868580191,8.633014372355383e-05,877,12M,HZ12M02,TH
892,Astro,0.2064960543904149,2.1701238481547403e-162,9607,12M,HZ12M02,TH
893,Micro,0.1281463501925894,3.111801538237431e-22,3481,12M,HZ12M02,TH
894,OPC,0.1272699996318957,0.0057475998564317,1283,12M,HZ12M02,TH
895,Olig,0.0518036510268512,0.0007487701336848,3303,12M,HZ12M02,TH
896,InN,0.1611359885615667,5.798636874141626e-63,5662,12M,HZ12M03,BF
897,ExN,0.1217530510117875,7.290323401841814e-11,2716,12M,HZ12M03,BF
898,SMC,0.1039392568110442,0.0010522821839763,1326,12M,HZ12M03,BF
899,Peri,0.1026684686063171,0.0050016185243176,1091,12M,HZ12M03,BF
900,Micro,0.0965914778693562,0.0019148775932631,788,12M,HZ12M03,BF
901,Astro,0.0946862658367578,1.1992318502835064e-08,2603,12M,HZ12M03,BF
902,SMC,0.4154617124340232,1.1405149828412279e-32,1113,12M,HZ12M03,PFC
903,Peri,0.3918979503904235,1.8289903070767557e-08,385,12M,HZ12M03,PFC
904,OPC,0.3121661678212227,0.0159283130338706,213,12M,HZ12M03,PFC
905,Endo,0.2596195920326753,0.0188728974770993,274,12M,HZ12M03,PFC
906,Astro,0.1369480742222033,4.967734876993967e-13,2149,12M,HZ12M03,PFC
907,ExN,0.0902467886879494,2.327475392790355e-36,9102,12M,HZ12M03,PFC
908,Micro,0.0535239497192452,0.0016114048515547,1475,12M,HZ12M03,PFC
909,Peri,0.1069512245651094,0.005211370186726,1679,12M,HZ12M03,STR
910,InN,0.1055462908666349,2.1795172221108742e-16,5820,12M,HZ12M03,STR
911,Astro,0.0957508586407192,3.515443298195369e-31,9209,12M,HZ12M03,STR
912,SMC,0.0634552089140261,0.0036499906354798,3221,12M,HZ12M03,STR
913,ExN,0.0629982765056182,1.8905757107132933e-11,9033,12M,HZ12M03,STR
914,Micro,0.0489899768745135,7.188932152784237e-05,3548,12M,HZ12M03,STR
915,Olig,0.0472437897987741,0.0004902524792763,3636,12M,HZ12M03,STR
916,MSN,0.027017295930289,0.0010371706006569,8545,12M,HZ12M03,STR
917,Astro,0.5234364819980255,0.0,3776,12M,HZ12M04,BF
918,SMC,0.465719892678492,6.076024603825158e-78,1865,12M,HZ12M04,BF
919,InN,0.4215156645179899,0.0,7444,12M,HZ12M04,BF
920,MSN,0.3529357515690302,0.0010633614099322,325,12M,HZ12M04,BF
921,OPC,0.2988626500204198,3.840556165433343e-15,1176,12M,HZ12M04,BF
922,Micro,0.2694793121964764,7.883701236280762e-26,1038,12M,HZ12M04,BF
923,Peri,0.2525228889533831,2.0809696600573647e-13,1294,12M,HZ12M04,BF
924,ExN,0.248153798878729,3.3001932569138446e-35,2433,12M,HZ12M04,BF
925,Endo,0.2186931924846679,0.0007453883766518,600,12M,HZ12M04,BF
926,Olig,0.0706506262933092,0.0142880789018905,1177,12M,HZ12M04,BF
927,SMC,0.9497623194643317,3.559800303357244e-09,171,12M,HZ12M04,ECT
928,Astro,0.320773415591415,1.0350815833462005e-13,857,12M,HZ12M04,ECT
929,InN,0.1292128885406615,0.004604294106391,1056,12M,HZ12M04,ECT
930,ExN,0.0788397118659318,8.724865933266921e-06,2733,12M,HZ12M04,ECT
931,SMC,0.2263640893755974,4.6594575307198096e-09,914,12M,HZ12M04,HPF
932,Peri,0.1796798852336762,0.0005239080047833,555,12M,HZ12M04,HPF
933,ExN,0.1610337375555981,1.6591606163550116e-166,11306,12M,HZ12M04,HPF
934,Micro,0.1390198610582013,2.9281881428482504e-10,1179,12M,HZ12M04,HPF
935,Astro,0.0669674852696316,1.6608627826013802e-06,3770,12M,HZ12M04,HPF
936,Peri,0.423768287347085,0.0006757119138283,259,12M,HZ12M04,RS
937,SMC,0.2513678421350936,8.051823932677926e-08,713,12M,HZ12M04,RS
938,Olig,0.2197151955592765,3.232041202193847e-20,1086,12M,HZ12M04,RS
939,Astro,0.1830800243639597,3.468277559433555e-12,1466,12M,HZ12M04,RS
940,Micro,0.1446551592307276,6.536914669737074e-07,743,12M,HZ12M04,RS
941,ExN,0.1401291305501909,9.009223545547396e-23,3547,12M,HZ12M04,RS
942,MSN,0.5410165991773286,5.175521282975299e-07,418,12M,HZ12M04,TH
943,SMC,0.4273698646480327,9.814115941599135e-76,2551,12M,HZ12M04,TH
944,ExN,0.4242595223216734,0.0,8946,12M,HZ12M04,TH
945,InN,0.3584908018270244,4.924376051705663e-274,5902,12M,HZ12M04,TH
946,Endo,0.3429728740355404,8.759852814498354e-08,814,12M,HZ12M04,TH
947,Peri,0.3113835294781472,1.4707747029313969e-19,1494,12M,HZ12M04,TH
948,Astro,0.2234646845655116,4.602084762794573e-167,8542,12M,HZ12M04,TH
949,OPC,0.2179804568897242,1.8432243846912555e-07,1335,12M,HZ12M04,TH
950,Micro,0.0782802953284165,4.6329542513320126e-09,2987,12M,HZ12M04,TH
951,OPC,0.4059051746515909,0.0006842156771737,374,12M,HZ12M05,BF
952,InN,0.3480279392435629,1.4439349120851375e-249,6415,12M,HZ12M05,BF
953,SMC,0.2573671558348906,2.269882593129001e-28,2478,12M,HZ12M05,BF
954,ExN,0.2482850555808915,3.20147814144727e-22,2279,12M,HZ12M05,BF
955,Astro,0.2316877016478278,2.319677421636397e-23,1870,12M,HZ12M05,BF
956,Peri,0.2111738482936765,2.3332312092027606e-06,1023,12M,HZ12M05,BF
957,Micro,0.1956232814584506,6.846422682333677e-07,519,12M,HZ12M05,BF
958,Olig,0.1239701478213655,0.0395441798149021,518,12M,HZ12M05,BF
959,SMC,0.5033018260690807,8.573417472492897e-11,509,12M,HZ12M05,PFC
960,InN,0.0848666242657955,0.0035651871772952,1757,12M,HZ12M05,PFC
961,ExN,0.0456590088790107,1.9378979357361312e-11,9690,12M,HZ12M05,PFC
962,Micro,0.02861748186602,0.0449812697125779,2273,12M,HZ12M05,PFC
963,InN,0.1954494837236421,1.962345796850744e-43,4797,12M,HZ12M05,STR
964,SMC,0.1409173230554262,6.075902329601513e-05,1880,12M,HZ12M05,STR
965,Peri,0.1055495141679023,0.0044281910061436,1389,12M,HZ12M05,STR
966,ExN,0.1001777076454022,1.1181736151285177e-21,7713,12M,HZ12M05,STR
967,Endo,0.0800907691183951,0.0104293661627125,1931,12M,HZ12M05,STR
968,Astro,0.0666794231939495,7.373025199163645e-16,9146,12M,HZ12M05,STR
969,MSN,0.0590753116014109,2.0301428786332924e-12,8255,12M,HZ12M05,STR
970,Micro,0.0518276873878745,3.131044844110648e-05,3360,12M,HZ12M05,STR
971,Peri,0.4573693270775488,1.6607846063783958e-72,2013,12M,HZ12M06,BF
972,SMC,0.4423156877835643,1.2249115714441332e-172,3684,12M,HZ12M06,BF
973,InN,0.3069386609024518,5.534702250465475e-269,6943,12M,HZ12M06,BF
974,Astro,0.266887853508682,1.9318893070535372e-116,4887,12M,HZ12M06,BF
975,Endo,0.2578403594359834,7.27175002736401e-05,707,12M,HZ12M06,BF
976,OPC,0.2248700314703531,3.197148923546676e-05,863,12M,HZ12M06,BF
977,ExN,0.2213068060976763,2.6789275318072177e-27,2524,12M,HZ12M06,BF
978,Olig,0.0940065895858385,4.2557555844273466e-06,2163,12M,HZ12M06,BF
979,Micro,0.0552355219541215,0.0004942948640203,2016,12M,HZ12M06,BF
980,SMC,0.529573355981795,4.005219115943275e-05,153,12M,HZ12M06,ECT
981,Astro,0.2540501563770501,6.757303904969549e-09,794,12M,HZ12M06,ECT
982,Micro,0.1120827727711922,1.4088602272876582e-05,765,12M,HZ12M06,ECT
983,ExN,0.0359860149913391,0.0370946116418721,2404,12M,HZ12M06,ECT
984,Peri,0.8297590113618643,1.3504874853565979e-34,379,12M,HZ12M06,HPF
985,SMC,0.705424447583403,1.7609131970505837e-21,327,12M,HZ12M06,HPF
986,Olig,0.3227046073731196,1.6056576655373027e-09,481,12M,HZ12M06,HPF
987,Astro,0.1365885883686354,2.5940176356595376e-18,2947,12M,HZ12M06,HPF
988,Micro,0.1139150045375742,8.304125638417212e-06,943,12M,HZ12M06,HPF
989,ExN,0.0999578166101201,3.958437941524624e-63,10836,12M,HZ12M06,HPF
990,Olig,0.1386129559534885,9.79891424948642e-08,1042,12M,HZ12M06,RS
991,ExN,0.1320410969859593,4.846980749892325e-26,3671,12M,HZ12M06,RS
992,Astro,0.0495105279961528,0.0334733481171451,1564,12M,HZ12M06,RS
993,MSN,0.7133171191653438,2.8991883886239983e-08,367,12M,HZ12M06,TH
994,InN,0.4482704113060458,1.431640832920687e-248,4635,12M,HZ12M06,TH
995,ExN,0.4229182843396804,0.0,10388,12M,HZ12M06,TH
996,Peri,0.3111254205101462,2.8758232945084494e-22,1660,12M,HZ12M06,TH
997,Endo,0.2204292762644899,7.083693279025981e-07,1165,12M,HZ12M06,TH
998,Astro,0.1945715867286284,1.833919170895383e-149,9898,12M,HZ12M06,TH
999,OPC,0.1911147731595179,2.621112341244161e-06,1370,12M,HZ12M06,TH
1000,SMC,0.1417416825319362,0.0005640467202925,1279,12M,HZ12M06,TH
1001,Micro,0.1196192100127527,7.648388321745267e-21,3426,12M,HZ12M06,TH
1002,Olig,0.0653362914526252,2.449632566489269e-05,3259,12M,HZ12M06,TH
